Distance_(pixels),Gray_Value
0,57.333
1,56.001
2,55.319
3,54.002
4,53.002
5,52.667
6,52.002
7,51.389
8,51.002
9,51.000
10,50.744
11,50.751
12,50.999
13,51.000
14,51.106
15,51.332
16,51.785
17,51.998
18,52.661
19,52.810
20,53.480
21,53.824
22,54.497
23,55.169
24,55.694
25,56.515
26,57.386
27,57.867
28,58.960
29,59.766
30,60.777
31,61.464
32,61.905
33,63.071
34,63.841
35,64.459
36,65.147
37,65.558
38,65.908
39,65.964
40,66.571
41,66.606
42,66.629
43,66.330
44,66.344
45,66.365
46,66.387
47,66.410
48,66.433
49,66.456
50,66.479
51,66.772
52,66.856
53,66.951
54,67.060
55,67.340
56,67.469
57,67.735
58,67.878
59,68.454
60,68.621
61,68.858
62,69.030
63,69.396
64,69.444
65,69.970
66,70.339
67,71.025
68,71.580
69,71.957
70,72.329
71,73.022
72,73.405
73,73.881
74,74.570
75,74.946
76,75.869
77,76.261
78,77.022
79,77.401
80,77.497
81,77.797
82,77.838
83,77.869
84,77.875
85,77.609
86,76.997
87,76.674
88,76.358
89,75.734
90,75.370
91,74.778
92,74.137
93,73.535
94,73.171
95,72.802
96,72.227
97,71.905
98,71.756
99,71.439
100,71.113
101,70.570
102,70.031
103,69.596
104,69.272
105,68.321
106,67.698
107,66.861
108,66.359
109,65.385
110,64.702
111,63.720
112,63.036
113,62.184
114,61.499
115,60.710
116,59.938
117,59.364
118,59.019
119,58.457
120,58.338
121,58.262
122,58.265
123,58.586
124,58.927
125,59.268
126,59.573
127,60.233
128,60.622
129,61.264
130,61.938
131,62.313
132,63.279
133,63.691
134,64.339
135,65.048
136,65.703
137,66.114
138,66.734
139,67.412
140,67.912
141,68.285
142,68.959
143,69.346
144,69.709
145,70.594
146,70.892
147,71.371
148,72.257
149,72.794
150,73.492
151,74.205
152,74.917
153,75.476
154,76.021
155,76.411
156,76.659
157,77.035
158,77.113
159,77.585
160,77.665
161,77.403
162,77.335
163,77.381
164,77.434
165,77.488
166,77.541
167,77.341
168,77.365
169,77.717
170,78.064
171,78.217
172,78.830
173,79.528
174,79.949
175,80.929
176,81.959
177,82.396
178,83.355
179,83.804
180,84.216
181,84.814
182,84.997
183,85.052
184,85.033
185,84.833
186,84.553
187,83.962
188,83.248
189,82.408
190,81.767
191,81.032
192,80.090
193,79.176
194,78.036
195,77.352
196,76.717
197,76.073
198,75.281
199,74.587
200,74.100
201,73.769
202,73.374
203,73.032
204,72.902
205,72.507
206,71.963
207,71.691
208,71.366
209,70.906
210,70.088
211,69.700
212,69.324
213,68.695
214,68.065
215,67.402
216,67.303
217,66.717
218,66.366
219,66.034
220,66.000
221,66.000
222,65.728
223,65.703
224,65.969
225,65.749
226,65.779
227,65.741
228,66.038
229,66.156
230,66.397
231,66.727
232,67.068
233,67.113
234,67.417
235,67.507
236,67.839
237,68.202
238,68.728
239,69.245
240,69.627
241,70.273
242,70.818
243,71.363
244,72.217
245,72.944
246,73.355
247,73.920
248,74.325
249,74.997
250,75.416
251,75.795
252,76.174
253,76.553
254,77.172
255,77.592
256,78.232
257,78.661
258,79.081
259,79.472
260,80.138
261,80.572
262,80.966
263,81.928
264,82.403
265,83.062
266,83.508
267,83.641
268,84.207
269,84.374
270,84.488
271,84.787
272,84.942
273,85.013
274,85.074
275,85.222
276,85.500
277,85.591
278,85.652
279,85.424
280,85.392
281,85.334
282,85.383
283,85.452
284,85.375
285,85.413
286,85.217
287,84.965
288,84.995
289,84.714
290,84.801
291,84.987
292,85.071
293,84.853
294,85.086
295,85.197
296,85.112
297,85.090
298,85.199
299,85.226
300,85.038
301,85.028
302,84.829
303,84.561
304,84.289
305,83.451
306,83.074
307,82.500
308,81.610
309,80.928
310,80.049
311,79.321
312,78.438
313,77.630
314,76.221
315,75.462
316,74.483
317,73.636
318,72.555
319,71.564
320,70.784
321,69.841
322,69.040
323,68.314
324,67.591
325,67.200
326,66.593
327,66.216
328,65.891
329,65.565
330,65.239
331,65.195
332,65.202
333,65.210
334,65.315
335,65.522
336,65.566
337,66.055
338,66.722
339,67.124
340,67.752
341,68.207
342,69.024
343,69.750
344,70.406
345,71.375
346,72.106
347,72.807
348,73.797
349,74.551
350,75.797
351,76.609
352,77.308
353,78.535
354,79.393
355,80.387
356,81.148
357,82.129
358,82.890
359,83.443
360,84.339
361,84.818
362,85.197
363,85.301
364,85.440
365,85.613
366,85.420
367,85.698
368,85.817
369,85.604
370,85.737
371,85.971
372,85.931
373,86.096
374,86.340
375,86.554
376,87.186
377,88.187
378,88.975
379,89.602
380,90.758
381,91.581
382,92.778
383,93.673
384,94.244
385,95.185
386,95.908
387,96.611
388,97.051
389,97.159
390,97.187
391,96.977
392,96.426
393,95.799
394,94.900
395,94.196
396,93.056
397,92.048
398,90.824
399,89.846
400,89.134
401,88.014
402,87.016
403,86.070
404,85.593
405,84.633
406,84.041
407,83.534
408,83.117
409,82.638
410,82.586
411,82.259
412,82.213
413,82.258
414,82.304
415,82.481
416,82.694
417,83.309
418,83.488
419,84.067
420,84.779
421,84.958
422,85.715
423,86.111
424,86.191
425,86.229
426,86.331
427,86.378
428,86.408
429,86.219
430,85.842
431,85.560
432,84.791
433,84.572
434,84.342
435,83.781
436,83.654
437,83.146
438,83.014
439,83.004
440,83.263
441,83.361
442,83.672
443,84.253
444,84.916
445,85.590
446,86.264
447,87.200
448,88.015
449,88.715
450,89.397
451,90.079
452,90.592
453,91.073
454,91.725
455,92.011
456,92.601
457,93.045
458,93.413
459,93.799
460,94.165
461,94.563
462,94.851
463,95.057
464,95.562
465,96.093
466,96.246
467,96.817
468,97.207
469,97.580
470,97.716
471,98.348
472,98.777
473,99.157
474,99.588
475,100.182
476,100.642
477,100.823
478,101.132
479,101.259
480,101.326
481,101.130
482,101.105
483,100.915
484,100.882
485,100.445
486,99.848
487,99.283
488,98.605
489,98.220
490,97.487
491,97.077
492,96.805
493,96.533
494,96.435
495,96.463
496,96.516
497,96.472
498,96.741
499,96.976
500,97.433
501,97.742
502,97.964
503,98.439
504,98.864
505,99.106
506,99.337
507,99.282
508,99.026
509,98.653
510,98.346
511,97.888
512,97.039
513,96.148
514,95.206
515,94.195
516,93.431
517,92.379
518,91.110
519,90.066
520,88.897
521,87.837
522,86.862
523,86.144
524,85.005
525,84.189
526,83.285
527,82.763
528,82.192
529,81.572
530,80.931
531,80.736
532,80.434
533,80.333
534,80.085
535,80.000
536,80.248
537,80.409
538,80.857
539,81.248
540,81.581
541,81.914
542,82.247
543,82.827
544,83.361
545,84.115
546,84.957
547,85.922
548,86.924
549,87.827
550,88.805
551,89.973
552,91.050
553,91.992
554,93.238
555,94.356
556,95.142
557,96.083
558,96.816
559,97.746
560,98.295
561,98.875
562,99.330
563,99.734
564,100.095
565,100.684
566,100.915
567,101.219
568,101.360
569,101.425
570,101.721
571,102.082
572,102.262
573,102.342
574,102.404
575,102.664
576,102.793
577,102.900
578,102.981
579,103.042
580,102.932
581,102.860
582,102.652
583,102.465
584,102.383
585,102.266
586,102.141
587,101.708
588,101.466
589,101.485
590,101.554
591,101.513
592,101.307
593,101.289
594,101.365
595,101.442
596,101.518
597,101.518
598,101.333
599,101.149
600,101.097
601,100.790
602,100.663
603,100.482
604,100.263
605,100.014
606,99.959
607,99.573
608,99.221
609,98.957
610,98.686
611,98.191
612,97.817
613,97.536
614,97.036
615,96.673
616,96.166
617,95.763
618,95.433
619,94.746
620,94.168
621,93.450
622,92.374
623,91.701
624,90.892
625,89.779
626,88.839
627,87.760
628,86.977
629,86.494
630,85.691
631,85.089
632,84.741
633,84.438
634,83.903
635,83.837
636,83.905
637,83.884
638,84.016
639,84.325
640,84.750
641,85.133
642,85.468
643,85.978
644,86.401
645,86.801
646,87.534
647,88.285
648,88.974
649,89.893
650,90.710
651,91.594
652,92.822
653,93.737
654,94.667
655,95.237
656,96.067
657,97.313
658,98.217
659,98.945
660,99.660
661,100.364
662,100.841
663,101.255
664,101.834
665,102.168
666,102.667
667,103.189
668,103.763
669,104.138
670,104.643
671,105.099
672,105.438
673,105.855
674,106.132
675,106.467
676,106.746
677,107.203
678,107.545
679,107.896
680,108.073
681,108.367
682,108.544
683,108.837
684,109.015
685,108.928
686,109.074
687,109.221
688,109.514
689,109.692
690,109.803
691,110.071
692,110.041
693,110.007
694,110.046
695,110.104
696,109.962
697,109.912
698,109.977
699,110.037
700,109.662
701,109.517
702,109.326
703,109.052
704,109.013
705,109.074
706,109.096
707,109.130
708,109.012
709,108.931
710,109.118
711,109.247
712,109.060
713,108.860
714,108.618
715,108.119
716,107.725
717,107.101
718,106.331
719,105.344
720,104.337
721,103.601
722,102.762
723,101.714
724,100.808
725,99.853
726,98.996
727,98.251
728,97.730
729,97.386
730,97.241
731,96.760
732,96.514
733,96.530
734,96.584
735,96.613
736,96.621
737,97.036
738,97.508
739,97.860
740,98.416
741,99.095
742,99.979
743,100.553
744,101.327
745,102.519
746,103.633
747,104.643
748,105.429
749,106.489
750,107.620
751,108.642
752,109.641
753,110.694
754,111.732
755,112.526
756,113.131
757,113.832
758,114.413
759,114.806
760,115.279
761,115.783
762,116.185
763,116.533
764,116.988
765,117.194
766,117.545
767,117.855
768,117.930
769,118.163
770,118.309
771,118.752
772,119.042
773,119.210
774,119.466
775,119.645
776,119.752
777,119.802
778,119.825
779,120.026
780,120.161
781,120.170
782,120.003
783,119.907
784,119.938
785,119.976
786,120.011
787,120.049
788,120.287
789,120.245
790,120.541
791,120.815
792,120.861
793,120.892
794,120.923
795,120.953
796,121.190
797,121.347
798,121.378
799,121.409
800,121.439
801,121.336
802,121.086
803,120.997
804,120.830
805,120.535
806,120.335
807,120.108
808,119.925
809,119.807
810,119.465
811,119.302
812,119.136
813,119.045
814,118.880
815,118.788
816,118.765
817,118.771
818,118.817
819,118.755
820,118.717
821,118.709
822,118.891
823,118.699
824,118.506
825,118.516
826,118.153
827,117.729
828,117.225
829,116.590
830,115.939
831,115.278
832,114.431
833,113.455
834,112.649
835,111.575
836,110.620
837,109.933
838,109.267
839,108.600
840,108.134
841,107.946
842,107.703
843,107.761
844,107.955
845,108.398
846,108.865
847,109.397
848,110.262
849,111.261
850,112.261
851,113.161
852,114.005
853,114.938
854,115.728
855,116.430
856,117.092
857,117.530
858,117.993
859,118.424
860,118.765
861,119.052
862,119.363
863,119.863
864,119.973
865,120.075
866,120.619
867,121.105
868,121.627
869,122.105
870,122.669
871,123.352
872,123.844
873,124.585
874,125.216
875,125.584
876,126.135
877,126.639
878,127.209
879,127.906
880,128.603
881,129.300
882,129.691
883,130.181
884,130.893
885,131.413
886,131.984
887,132.504
888,133.075
889,133.666
890,134.105
891,134.571
892,135.215
893,136.046
894,136.935
895,137.731
896,138.649
897,139.519
898,140.437
899,141.308
900,141.963
901,142.521
902,142.840
903,143.203
904,143.335
905,143.294
906,142.976
907,142.371
908,141.388
909,140.305
910,139.178
911,137.578
912,136.018
913,134.551
914,133.131
915,131.844
916,130.562
917,129.267
918,128.341
919,127.700
920,127.050
921,126.414
922,125.956
923,125.787
924,125.408
925,125.129
926,124.998
927,124.906
928,124.743
929,124.433
930,124.194
931,123.986
932,123.717
933,123.330
934,122.948
935,122.623
936,122.297
937,121.972
938,121.646
939,121.321
940,121.080
941,120.919
942,120.861
943,120.869
944,121.059
945,121.400
946,121.805
947,122.324
948,123.121
949,124.175
950,125.492
951,126.959
952,128.661
953,130.283
954,132.150
955,134.462
956,136.643
957,139.028
958,141.876
959,144.543
960,147.102
961,149.987
962,153.032
963,156.094
964,159.516
965,163.094
966,166.887
967,170.802
968,174.568
969,178.202
970,181.826
971,185.450
972,188.958
973,192.567
974,196.153
975,199.644
976,203.249
977,206.779
978,210.000
979,212.830
980,215.438
981,217.871
982,220.148
983,222.247
984,224.094
985,225.867
986,227.463
987,228.971
988,230.528
989,231.893
990,233.086
991,234.212
992,235.240
993,236.281
994,237.189
995,237.975
996,238.750
997,239.493
998,240.108
999,240.719
1000,241.446
1001,242.162
1002,242.887
1003,243.452
1004,244.021
1005,244.733
1006,245.436
1007,246.133
1008,246.838
1009,247.522
1010,248.200
1011,248.840
1012,249.469
1013,249.879
1014,250.413
1015,251.009
1016,251.529
1017,251.987
1018,252.335
1019,252.736
1020,253.021
1021,253.235
1022,253.404
1023,253.480
1024,253.487
1025,253.583
1026,253.667
1027,253.667
1028,253.761
1029,253.859
1030,253.866
1031,253.874
1032,253.882
1033,254.058
1034,254.399
1035,254.620
1036,254.667
1037,254.667
1038,254.667
1039,254.667
1040,254.667
1041,254.667
1042,254.667
1043,254.667
1044,254.667
1045,254.667
1046,254.667
1047,254.667
1048,254.669
1049,254.667
1050,254.667
1051,254.667
1052,254.667
1053,254.667
1054,254.667
1055,254.667
1056,254.667
1057,254.243
1058,253.787
1059,253.711
1060,253.667
1061,253.667
1062,253.667
1063,253.667
1064,253.667
1065,253.667
1066,253.667
1067,253.667
1068,253.667
1069,253.584
1070,253.505
1071,253.513
1072,253.520
1073,253.528
1074,253.536
1075,253.543
1076,253.551
1077,253.449
1078,253.333
1079,253.333
1080,253.292
1081,253.132
1082,252.966
1083,252.747
1084,252.262
1085,251.930
1086,251.600
1087,251.240
1088,250.928
1089,250.297
1090,249.650
1091,248.850
1092,247.877
1093,247.071
1094,246.435
1095,245.654
1096,244.426
1097,243.149
1098,242.038
1099,240.786
1100,239.381
1101,237.811
1102,236.049
1103,234.111
1104,232.061
1105,229.692
1106,227.253
1107,224.789
1108,222.099
1109,219.285
1110,216.274
1111,213.102
1112,209.855
1113,206.529
1114,202.963
1115,199.218
1116,195.543
1117,191.930
1118,188.341
1119,184.541
1120,180.562
1121,176.493
1122,172.337
1123,168.179
1124,163.993
1125,159.992
1126,156.389
1127,153.130
1128,150.023
1129,147.062
1130,144.272
1131,141.811
1132,139.365
1133,136.894
1134,134.734
1135,132.905
1136,131.246
1137,129.596
1138,128.236
1139,127.073
1140,125.899
1141,124.878
1142,124.055
1143,123.398
1144,122.729
1145,122.109
1146,121.713
1147,121.558
1148,121.389
1149,121.333
1150,121.333
1151,121.389
1152,121.615
1153,121.893
1154,121.982
1155,122.056
1156,122.384
1157,122.895
1158,123.326
1159,123.750
1160,124.200
1161,124.846
1162,125.564
1163,126.209
1164,127.224
1165,128.193
1166,129.158
1167,130.220
1168,131.395
1169,132.559
1170,133.582
1171,134.604
1172,135.730
1173,136.624
1174,137.158
1175,137.708
1176,137.926
1177,138.097
1178,138.171
1179,137.721
1180,137.078
1181,136.580
1182,136.113
1183,135.301
1184,134.335
1185,133.527
1186,132.884
1187,132.357
1188,131.857
1189,131.206
1190,130.593
1191,130.103
1192,129.730
1193,129.508
1194,129.124
1195,128.515
1196,128.183
1197,128.031
1198,127.759
1199,127.415
1200,127.259
1201,127.315
1202,127.448
1203,127.375
1204,127.390
1205,127.320
1206,127.211
1207,127.169
1208,127.023
1209,126.759
1210,126.574
1211,126.441
1212,126.116
1213,125.790
1214,125.439
1215,125.085
1216,124.888
1217,124.637
1218,124.163
1219,123.837
1220,123.512
1221,123.186
1222,122.861
1223,122.535
1224,122.203
1225,121.723
1226,121.057
1227,120.390
1228,119.448
1229,118.253
1230,116.979
1231,115.478
1232,114.025
1233,112.314
1234,110.648
1235,108.846
1236,106.754
1237,104.628
1238,102.909
1239,101.395
1240,99.709
1241,98.480
1242,97.519
1243,96.691
1244,96.230
1245,95.842
1246,95.849
1247,96.069
1248,96.585
1249,97.411
1250,98.520
1251,99.533
1252,100.797
1253,102.103
1254,103.600
1255,104.923
1256,106.207
1257,107.587
1258,108.999
1259,110.326
1260,111.707
1261,113.089
1262,114.433
1263,115.655
1264,116.690
1265,117.708
1266,118.469
1267,118.950
1268,119.624
1269,120.166
1270,120.530
1271,120.878
1272,121.246
1273,121.500
1274,121.629
1275,121.911
1276,122.140
1277,122.355
1278,122.521
1279,122.536
1280,122.639
1281,122.913
1282,123.221
1283,123.396
1284,123.494
1285,123.700
1286,123.821
1287,123.895
1288,124.131
1289,124.355
1290,124.371
1291,124.312
1292,124.252
1293,124.333
1294,124.288
1295,124.224
1296,124.231
1297,124.239
1298,124.153
1299,123.940
1300,123.857
1301,123.770
1302,123.589
1303,123.462
1304,123.277
1305,123.153
1306,122.965
1307,122.964
1308,122.858
1309,122.663
1310,122.420
1311,122.025
1312,122.033
1313,122.028
1314,121.911
1315,121.586
1316,121.365
1317,121.107
1318,120.584
1319,120.114
1320,119.471
1321,118.631
1322,117.841
1323,117.194
1324,116.146
1325,114.859
1326,113.506
1327,112.449
1328,111.175
1329,109.662
1330,108.205
1331,106.792
1332,105.266
1333,103.793
1334,102.377
1335,101.050
1336,100.075
1337,99.160
1338,98.243
1339,97.457
1340,96.726
1341,95.848
1342,95.292
1343,94.722
1344,94.188
1345,93.453
1346,92.670
1347,92.260
1348,92.025
1349,92.000
1350,91.771
1351,91.456
1352,91.774
1353,92.000
1354,92.136
1355,92.614
1356,93.303
1357,94.099
1358,95.108
1359,96.288
1360,97.779
1361,99.455
1362,101.167
1363,102.838
1364,104.671
1365,106.490
1366,108.065
1367,109.599
1368,111.065
1369,112.453
1370,113.676
1371,114.816
1372,115.758
1373,116.535
1374,117.161
1375,117.730
1376,118.175
1377,118.183
1378,118.240
1379,118.333
1380,118.290
1381,118.214
1382,118.221
1383,118.193
1384,118.027
1385,117.709
1386,117.391
1387,117.098
1388,116.934
1389,116.941
1390,116.915
1391,116.870
1392,116.893
1393,116.916
1394,116.946
1395,116.979
1396,116.995
1397,117.006
1398,117.031
1399,117.263
1400,117.692
1401,117.700
1402,117.707
1403,117.715
1404,117.704
1405,117.667
1406,117.580
1407,117.386
1408,117.305
1409,117.161
1410,116.782
1411,116.189
1412,115.774
1413,115.433
1414,115.027
1415,114.513
1416,113.970
1417,113.353
1418,112.739
1419,111.942
1420,111.274
1421,110.647
1422,110.021
1423,109.145
1424,108.178
1425,107.141
1426,105.828
1427,104.547
1428,103.191
1429,101.835
1430,100.455
1431,98.947
1432,97.352
1433,95.863
1434,94.204
1435,92.648
1436,91.270
1437,90.108
1438,89.219
1439,88.010
1440,87.226
1441,86.799
1442,86.151
1443,85.708
1444,85.723
1445,85.738
1446,85.754
1447,85.888
1448,86.297
1449,86.887
1450,87.761
1451,88.450
1452,89.166
1453,89.955
1454,90.797
1455,91.754
1456,92.821
1457,93.840
1458,94.706
1459,95.961
1460,97.205
1461,98.304
1462,99.464
1463,100.602
1464,101.918
1465,103.112
1466,104.281
1467,105.358
1468,106.478
1469,107.509
1470,108.471
1471,109.404
1472,110.527
1473,111.231
1474,111.842
1475,112.737
1476,113.558
1477,114.008
1478,114.471
1479,115.033
1480,115.401
1481,115.833
1482,116.312
1483,116.429
1484,116.667
1485,116.769
1486,117.097
1487,117.333
1488,117.333
1489,117.333
1490,117.333
1491,117.349
1492,117.473
1493,117.667
1494,117.667
1495,117.667
1496,117.571
1497,117.333
1498,117.174
1499,116.716
1500,116.449
1501,116.014
1502,115.435
1503,114.946
1504,114.102
1505,113.318
1506,112.551
1507,111.543
1508,110.536
1509,109.529
1510,108.466
1511,107.366
1512,106.415
1513,105.074
1514,103.763
1515,102.556
1516,101.387
1517,99.954
1518,98.209
1519,96.266
1520,94.276
1521,92.297
1522,90.496
1523,88.336
1524,85.967
1525,84.142
1526,82.052
1527,79.894
1528,78.207
1529,76.526
1530,74.829
1531,73.154
1532,71.608
1533,70.436
1534,69.558
1535,68.432
1536,67.847
1537,67.525
1538,67.333
1539,67.333
1540,67.333
1541,67.333
1542,67.333
1543,67.421
1544,67.700
1545,67.887
1546,68.366
1547,69.039
1548,69.243
1549,69.670
1550,70.258
1551,70.685
1552,71.321
1553,71.807
1554,72.276
1555,72.930
1556,73.242
1557,73.902
1558,74.707
1559,75.309
1560,76.309
1561,77.210
1562,78.109
1563,79.420
1564,80.783
1565,82.158
1566,83.624
1567,85.290
1568,87.064
1569,89.008
1570,90.803
1571,92.909
1572,95.100
1573,96.872
1574,98.733
1575,100.263
1576,102.079
1577,103.451
1578,104.683
1579,105.751
1580,106.765
1581,107.220
1582,107.667
1583,107.645
1584,107.407
1585,106.788
1586,106.253
1587,105.476
1588,104.711
1589,104.069
1590,103.506
1591,102.920
1592,102.545
1593,102.166
1594,102.136
1595,102.029
1596,102.010
1597,101.956
1598,102.124
1599,102.224
1600,102.019
1601,102.068
1602,101.934
1603,101.982
1604,101.672
1605,101.241
1606,100.427
1607,99.661
1608,98.715
1609,97.656
1610,96.435
1611,95.513
1612,94.693
1613,93.437
1614,92.362
1615,91.026
1616,89.835
1617,88.909
1618,87.392
1619,86.232
1620,84.725
1621,83.540
1622,82.053
1623,80.896
1624,79.372
1625,78.290
1626,76.987
1627,75.799
1628,74.677
1629,73.720
1630,72.980
1631,72.369
1632,71.665
1633,71.390
1634,71.375
1635,71.360
1636,71.417
1637,71.772
1638,72.302
1639,72.888
1640,73.400
1641,74.435
1642,75.054
1643,76.144
1644,76.810
1645,77.620
1646,78.860
1647,79.774
1648,80.736
1649,81.791
1650,82.721
1651,83.590
1652,84.324
1653,85.014
1654,85.766
1655,86.704
1656,87.481
1657,88.356
1658,88.720
1659,89.083
1660,89.378
1661,89.408
1662,89.502
1663,89.762
1664,89.759
1665,89.815
1666,89.826
1667,89.796
1668,89.879
1669,90.228
1670,90.558
1671,90.849
1672,91.273
1673,91.666
1674,92.299
1675,93.194
1676,94.000
1677,94.902
1678,95.430
1679,96.178
1680,97.094
1681,97.605
1682,98.257
1683,99.350
1684,100.003
1685,100.762
1686,101.550
1687,102.189
1688,102.558
1689,102.611
1690,102.832
1691,102.850
1692,102.540
1693,102.256
1694,101.874
1695,101.421
1696,100.492
1697,99.770
1698,98.721
1699,97.478
1700,96.356
1701,94.696
1702,93.085
1703,91.664
1704,89.981
1705,88.420
1706,87.299
1707,85.796
1708,85.024
1709,84.087
1710,83.205
1711,82.125
1712,81.653
1713,80.979
1714,80.426
1715,80.034
1716,79.463
1717,78.934
1718,78.501
1719,77.812
1720,77.387
1721,76.560
1722,75.671
1723,74.545
1724,72.990
1725,71.924
1726,70.493
1727,68.670
1728,67.065
1729,65.540
1730,64.043
1731,62.473
1732,61.348
1733,60.144
1734,59.144
1735,58.552
1736,57.987
1737,57.933
1738,57.950
1739,58.048
1740,58.458
1741,59.409
1742,60.195
1743,61.532
1744,62.864
1745,64.326
1746,66.223
1747,67.621
1748,69.254
1749,70.661
1750,72.310
1751,73.576
1752,74.576
1753,75.397
1754,75.783
1755,76.113
1756,76.333
1757,76.240
1758,75.760
1759,75.714
1760,75.406
1761,75.179
1762,74.914
1763,74.982
1764,75.277
1765,75.345
1766,75.694
1767,76.069
1768,76.607
1769,77.274
1770,77.835
1771,78.680
1772,79.359
1773,80.040
1774,81.066
1775,81.641
1776,82.229
1777,82.911
1778,83.555
1779,83.970
1780,84.350
1781,84.920
1782,85.277
1783,85.617
1784,85.625
1785,85.632
1786,85.640
1787,85.599
1788,85.226
1789,84.666
1790,84.566
1791,83.903
1792,83.234
1793,82.496
1794,81.536
1795,80.815
1796,79.841
1797,78.980
1798,77.728
1799,76.740
1800,75.836
1801,74.549
1802,73.240
1803,72.203
1804,71.053
1805,69.823
1806,68.691
1807,67.633
1808,66.419
1809,65.242
1810,64.106
1811,63.394
1812,62.555
1813,61.883
1814,61.393
1815,61.037
1816,60.708
1817,60.580
1818,60.549
1819,60.412
1820,60.200
1821,60.217
1822,60.418
1823,60.367
1824,59.940
1825,59.019
1826,58.635
1827,57.956
1828,57.168
1829,55.901
1830,54.831
1831,53.459
1832,51.923
1833,51.207
1834,50.256
1835,49.544
1836,48.686
1837,48.667
1838,48.671
1839,48.758
1840,49.214
1841,50.121
1842,51.129
1843,52.236
1844,53.616
1845,55.261
1846,56.744
1847,58.516
1848,60.051
1849,61.413
1850,62.861
1851,64.072
1852,65.237
1853,66.360
1854,66.927
1855,67.892
1856,68.442
1857,69.101
1858,69.480
1859,70.039
1860,70.986
1861,71.390
1862,72.152
1863,72.678
1864,73.571
1865,74.154
1866,74.976
1867,75.552
1868,76.531
1869,77.168
1870,77.835
1871,78.206
1872,78.300
1873,78.638
1874,78.648
1875,78.700
1876,79.028
1877,79.368
1878,79.657
1879,79.617
1880,79.331
1881,79.236
1882,78.663
1883,78.585
1884,78.177
1885,77.210
1886,76.586
1887,75.752
1888,74.848
1889,74.109
1890,72.834
1891,72.138
1892,71.225
1893,70.145
1894,69.452
1895,68.622
1896,68.137
1897,67.606
1898,66.962
1899,66.450
1900,65.952
1901,65.434
1902,64.917
1903,64.557
1904,64.084
1905,63.617
1906,63.050
1907,62.364
1908,61.571
1909,61.050
1910,60.585
1911,59.709
1912,59.316
1913,58.384
1914,57.683
1915,57.255
1916,56.369
1917,55.939
1918,54.972
1919,54.584
1920,53.586
1921,52.639
1922,52.239
1923,51.233
1924,50.252
1925,49.306
1926,48.919
1927,47.947
1928,47.307
1929,46.921
1930,46.000
1931,45.980
1932,45.703
1933,45.089
1934,45.016
1935,45.274
1936,45.937
1937,46.393
1938,47.194
1939,48.000
1940,48.720
1941,49.909
1942,51.069
1943,52.085
1944,53.137
1945,54.312
1946,55.476
1947,56.680
1948,57.694
1949,58.586
1950,59.283
1951,59.964
1952,60.436
1953,61.086
1954,61.197
1955,61.481
1956,61.815
1957,61.857
1958,62.151
1959,62.239
1960,62.574
1961,62.619
1962,62.969
1963,63.013
1964,63.375
1965,64.048
1966,64.667
1967,64.687
1968,65.037
1969,65.616
1970,66.017
1971,66.283
1972,66.349
1973,66.598
1974,66.606
1975,66.847
1976,67.065
1977,67.136
1978,67.120
1979,67.093
1980,66.872
1981,66.741
1982,66.701
1983,66.233
1984,66.202
1985,66.010
1986,65.637
1987,65.124
1988,64.759
1989,64.214
1990,63.722
1991,63.343
1992,62.540
1993,61.864
1994,61.277
1995,60.484
1996,59.566
1997,58.787
1998,57.855
1999,57.087
2000,56.075
2001,55.121
2002,54.376
2003,53.348
2004,52.068
2005,51.630
2006,50.305
2007,49.321
2008,48.635
2009,47.926
2010,46.653
2011,46.293
2012,45.332
2013,45.278
2014,44.880
2015,44.265
2016,43.926
2017,43.667
2018,43.664
2019,43.563
2020,43.094
2021,43.110
2022,43.333
2023,43.333
2024,43.338
2025,43.483
2026,44.000
2027,44.000
2028,44.000
2029,44.000
2030,44.000
2031,44.005
2032,44.191
2033,44.395
2034,44.667
2035,44.667
2036,44.667
2037,44.673
2038,44.901
2039,45.000
2040,45.006
2041,45.263
2042,45.608
2043,46.145
2044,46.287
2045,46.680
2046,47.253
2047,47.341
2048,47.689
2049,48.656
2050,49.014
2051,49.688
2052,50.685
2053,51.378
2054,52.353
2055,53.347
2056,54.060
2057,55.351
2058,56.345
2059,57.011
2060,57.678
2061,58.350
2062,59.339
2063,59.677
2064,60.338
2065,60.667
2066,60.667
2067,60.667
2068,60.667
2069,60.667
2070,60.665
2071,60.513
2072,60.166
2073,59.333
2074,59.327
2075,58.660
2076,57.995
2077,57.467
2078,56.995
2079,56.328
2080,55.664
2081,55.324
2082,53.996
2083,53.331
2084,52.996
2085,52.329
2086,51.330
2087,50.664
2088,49.997
2089,49.044
2090,48.333
2091,47.998
2092,47.000
2093,46.666
2094,46.000
2095,45.667
